{
	"credit": "Made by Amo101",
	"textures": {
		"0": "item/totem_of_undying/pasted",
		"1": "item/totem_of_undying/texture",
		"2": "item/totem_of_undying/texture",
		"particle": "item/totem_of_undying/pasted"
	},
	"elements": [
		{
			"from": [4.75, 9.25, 8],
			"to": [11.25, 15.75, 8],
			"rotation": {"angle": 0, "axis": "z", "origin": [8, 12.5, 8]},
			"faces": {
				"north": {"uv": [0, 0, 16, 16], "texture": "#0"},
				"east": {"uv": [0, 0, 16, 16], "texture": "#0"},
				"south": {"uv": [0, 0, 16, 16], "texture": "#0"},
				"west": {"uv": [0, 0, 16, 16], "texture": "#0"},
				"up": {"uv": [0, 0, 16, 16], "texture": "#0"},
				"down": {"uv": [0, 0, 16, 16], "texture": "#0"}
			}
		},
		{
			"from": [6, 7.75, 9],
			"to": [10, 8.75, 10],
			"rotation": {"angle": 0, "axis": "y", "origin": [7, 7.75, 7]},
			"faces": {
				"north": {"uv": [1, 1, 2, 2], "texture": "#1"},
				"east": {"uv": [1, 1, 2, 2], "texture": "#1"},
				"south": {"uv": [1, 1, 2, 2], "texture": "#1"},
				"west": {"uv": [1, 1, 2, 2], "texture": "#1"},
				"up": {"uv": [1, 1, 2, 2], "texture": "#1"},
				"down": {"uv": [1, 1, 2, 2], "texture": "#1"}
			}
		},
		{
			"from": [6, 7.75, 6],
			"to": [10, 8.75, 7],
			"rotation": {"angle": 0, "axis": "y", "origin": [7, 7.75, 4]},
			"faces": {
				"north": {"uv": [1, 1, 2, 2], "texture": "#1"},
				"east": {"uv": [1, 1, 2, 2], "texture": "#1"},
				"south": {"uv": [1, 1, 2, 2], "texture": "#1"},
				"west": {"uv": [1, 1, 2, 2], "texture": "#1"},
				"up": {"uv": [1, 1, 2, 2], "texture": "#1"},
				"down": {"uv": [1, 1, 2, 2], "texture": "#1"}
			}
		},
		{
			"from": [9, 7.75, 7],
			"to": [10, 8.75, 9],
			"rotation": {"angle": 0, "axis": "y", "origin": [7, 7.75, 5]},
			"faces": {
				"north": {"uv": [1, 1, 2, 2], "texture": "#1"},
				"east": {"uv": [1, 1, 2, 2], "texture": "#1"},
				"south": {"uv": [1, 1, 2, 2], "texture": "#1"},
				"west": {"uv": [1, 1, 2, 2], "texture": "#1"},
				"up": {"uv": [1, 1, 2, 2], "texture": "#1"},
				"down": {"uv": [1, 1, 2, 2], "texture": "#1"}
			}
		},
		{
			"from": [6, 7.75, 7],
			"to": [7, 8.75, 9],
			"rotation": {"angle": 0, "axis": "y", "origin": [4, 7.75, 5]},
			"faces": {
				"north": {"uv": [1, 1, 2, 2], "texture": "#1"},
				"east": {"uv": [1, 1, 2, 2], "texture": "#1"},
				"south": {"uv": [1, 1, 2, 2], "texture": "#1"},
				"west": {"uv": [1, 1, 2, 2], "texture": "#1"},
				"up": {"uv": [1, 1, 2, 2], "texture": "#1"},
				"down": {"uv": [1, 1, 2, 2], "texture": "#1"}
			}
		},
		{
			"from": [10.5, 7.7, 5.7],
			"to": [11.1, 8.3, 6.3],
			"rotation": {"angle": 0, "axis": "y", "origin": [9.3, 6.5, 4.5]},
			"faces": {
				"north": {"uv": [3, 3, 4, 4], "texture": "#1"},
				"east": {"uv": [3, 3, 4, 4], "texture": "#1"},
				"south": {"uv": [3, 3, 4, 4], "texture": "#1"},
				"west": {"uv": [3, 3, 4, 4], "texture": "#1"},
				"up": {"uv": [3, 3, 4, 4], "texture": "#1"},
				"down": {"uv": [3, 3, 4, 4], "texture": "#1"}
			}
		},
		{
			"from": [10.9, 7.85, 5.85],
			"to": [11.2, 8.15, 6.15],
			"rotation": {"angle": 0, "axis": "y", "origin": [9.55, 6.5, 4.5]},
			"faces": {
				"north": {"uv": [15, 0, 16, 1], "texture": "#1"},
				"east": {"uv": [15, 0, 16, 1], "texture": "#1"},
				"south": {"uv": [15, 0, 16, 1], "texture": "#1"},
				"west": {"uv": [15, 0, 16, 1], "texture": "#1"},
				"up": {"uv": [15, 0, 16, 1], "texture": "#1"},
				"down": {"uv": [15, 0, 16, 1], "texture": "#1"}
			}
		},
		{
			"from": [4.75, 9.25, 8.025],
			"to": [11.25, 15.75, 8.025],
			"rotation": {"angle": 45, "axis": "z", "origin": [8, 12.5, 8.025]},
			"faces": {
				"east": {"uv": [0, 0, 28, 28], "rotation": 270, "texture": "#2"},
				"south": {"uv": [0, 0, 28, 28], "rotation": 270, "texture": "#2"},
				"west": {"uv": [0, 0, 28, 28], "rotation": 270, "texture": "#2"},
				"up": {"uv": [0, 0, 28, 28], "rotation": 90, "texture": "#2"},
				"down": {"uv": [0, 0, 28, 28], "rotation": 90, "texture": "#2"}
			}
		},
		{
			"from": [4.75, 9.25, 8.025],
			"to": [11.25, 15.75, 8.025],
			"rotation": {"angle": -45, "axis": "z", "origin": [8, 12.5, 8.025]},
			"faces": {
				"north": {"uv": [0, 0, 28, 28], "rotation": 270, "texture": "#2"},
				"east": {"uv": [0, 0, 28, 28], "rotation": 270, "texture": "#2"},
				"west": {"uv": [0, 0, 28, 28], "rotation": 270, "texture": "#2"},
				"up": {"uv": [0, 0, 28, 28], "rotation": 270, "texture": "#2"},
				"down": {"uv": [0, 0, 28, 28], "rotation": 270, "texture": "#2"}
			}
		},
		{
			"from": [5, 7.5, 5],
			"to": [11, 8.5, 11],
			"rotation": {"angle": 0, "axis": "y", "origin": [7, 7.5, 7]},
			"faces": {
				"north": {"uv": [0, 0, 6, 1], "texture": "#1"},
				"east": {"uv": [0, 0, 6, 1], "texture": "#1"},
				"south": {"uv": [0, 0, 6, 1], "texture": "#1"},
				"west": {"uv": [0, 0, 6, 1], "texture": "#1"},
				"up": {"uv": [0, 0, 6, 6], "texture": "#1"},
				"down": {"uv": [0, 10, 6, 16], "texture": "#1"}
			}
		}
	],
	"display": {
		"thirdperson_righthand": {
			"translation": [0, 0.25, 1],
			"scale": [0.5, 0.5, 0.5]
		},
		"thirdperson_lefthand": {
			"translation": [0, 0.25, 1],
			"scale": [0.5, 0.5, 0.5]
		},
		"gui": {
			"translation": [0, -5.5, 0],
			"scale": [1.5, 1.5, 1.5]
		},
		"head": {
			"rotation": [0, 180, 0],
			"translation": [0, 6.25, 0]
		},
		"fixed": {
			"rotation": [0, 180, 0]
		}
	},
	"groups": [
		{
			"name": "group",
			"origin": [7, 0, 7],
			"color": 0,
			"children": [0, 1, 2, 3, 4, 5, 6, 7, 8, 9]
		}
	]
}