{
	"credit": "By Amo",
	"textures": {
		"0": "item/totem_of_undying/pasted",
		"particle": "item/totem_of_undying/pasted"
	},
	"elements": [
		{
			"from": [7, 0, 6.5],
			"to": [9, 1.5, 7.5],
			"rotation": {"angle": 0, "axis": "y", "origin": [7, 0, 6]},
			"faces": {
				"north": {"uv": [6, 13, 10, 16], "texture": "#0"},
				"east": {"uv": [6, 13, 10, 16], "texture": "#0"},
				"south": {"uv": [6, 13, 10, 16], "texture": "#0"},
				"west": {"uv": [6, 13, 10, 16], "texture": "#0"},
				"up": {"uv": [6, 13, 10, 16], "texture": "#0"},
				"down": {"uv": [5, 13, 6, 14], "texture": "#0"}
			}
		},
		{
			"from": [6, 3, 6.5],
			"to": [10, 7.5, 7.5],
			"rotation": {"angle": 0, "axis": "y", "origin": [7, 3, 6]},
			"faces": {
				"north": {"uv": [4, 1, 11.75, 9], "texture": "#0"},
				"east": {"uv": [4, 1, 5, 9], "texture": "#0"},
				"south": {"uv": [4, 1, 12, 9], "texture": "#0"},
				"west": {"uv": [4, 1, 5, 8.75], "texture": "#0"},
				"up": {"uv": [4, 1, 11.75, 2], "texture": "#0"},
				"down": {"uv": [4, 1, 12, 9], "texture": "#0"}
			}
		},
		{
			"from": [6, 1.5, 6],
			"to": [10, 3, 8],
			"rotation": {"angle": 0, "axis": "y", "origin": [7, 1.5, 6]},
			"faces": {
				"north": {"uv": [4, 9, 12, 13], "texture": "#0"},
				"east": {"uv": [4, 9, 5, 11], "texture": "#0"},
				"south": {"uv": [4, 9, 12, 13], "texture": "#0"},
				"west": {"uv": [4, 9, 5, 11], "texture": "#0"},
				"up": {"uv": [4, 8, 12, 12], "texture": "#0"},
				"down": {"uv": [4, 8, 5, 12], "texture": "#0"}
			}
		},
		{
			"from": [6.5, 0.5, 6.5],
			"to": [7, 1.5, 7.5],
			"rotation": {"angle": 0, "axis": "y", "origin": [5, 0, 6]},
			"faces": {
				"north": {"uv": [5, 13, 5.5, 14], "texture": "#0"},
				"east": {"uv": [5, 13, 5.5, 14], "texture": "#0"},
				"south": {"uv": [5, 13, 5.5, 14], "texture": "#0"},
				"west": {"uv": [5, 13, 5.5, 14], "texture": "#0"},
				"up": {"uv": [5, 13, 5.5, 14], "texture": "#0"},
				"down": {"uv": [5, 13, 5.5, 14], "texture": "#0"}
			}
		},
		{
			"from": [9, 0.5, 6.5],
			"to": [9.5, 1.5, 7.5],
			"rotation": {"angle": 0, "axis": "y", "origin": [7.5, 0, 6]},
			"faces": {
				"north": {"uv": [5, 13, 5.5, 14], "texture": "#0"},
				"east": {"uv": [5, 13, 5.5, 14], "texture": "#0"},
				"south": {"uv": [5, 13, 5.5, 14], "texture": "#0"},
				"west": {"uv": [5, 13, 5.5, 14], "texture": "#0"},
				"up": {"uv": [5, 13, 5.5, 14], "texture": "#0"},
				"down": {"uv": [5, 13, 5.5, 14], "texture": "#0"}
			}
		},
		{
			"from": [10, 2.5, 6.5],
			"to": [11, 4, 7.5],
			"rotation": {"angle": 0, "axis": "y", "origin": [8.5, 2.5, 6]},
			"faces": {
				"north": {"uv": [12, 8, 14, 11], "texture": "#0"},
				"east": {"uv": [12, 8, 14, 9], "texture": "#0"},
				"south": {"uv": [12, 8, 14, 11], "texture": "#0"},
				"west": {"uv": [12, 8, 14, 11], "texture": "#0"},
				"up": {"uv": [12, 8, 14, 9], "texture": "#0"},
				"down": {"uv": [12, 8, 14, 9], "texture": "#0"}
			}
		},
		{
			"from": [11, 3, 6.5],
			"to": [11.5, 4, 7.5],
			"rotation": {"angle": 0, "axis": "y", "origin": [9.5, 2.5, 6]},
			"faces": {
				"north": {"uv": [14, 8, 15, 10], "texture": "#0"},
				"east": {"uv": [14, 8, 15, 10], "texture": "#0"},
				"south": {"uv": [14, 8, 15, 10], "texture": "#0"},
				"west": {"uv": [14, 8, 15, 10], "texture": "#0"},
				"up": {"uv": [14, 8, 15, 10], "texture": "#0"},
				"down": {"uv": [14, 8, 15, 10], "texture": "#0"}
			}
		},
		{
			"from": [4.5, 3, 6.5],
			"to": [5, 4, 7.5],
			"rotation": {"angle": 0, "axis": "y", "origin": [5.125, 3.375, 7]},
			"faces": {
				"north": {"uv": [14, 8, 15, 10], "texture": "#0"},
				"east": {"uv": [14, 8, 15, 10], "texture": "#0"},
				"south": {"uv": [14, 8, 15, 10], "texture": "#0"},
				"west": {"uv": [14, 8, 15, 10], "texture": "#0"},
				"up": {"uv": [14, 8, 15, 10], "rotation": 180, "texture": "#0"},
				"down": {"uv": [14, 8, 15, 10], "rotation": 180, "texture": "#0"}
			}
		},
		{
			"from": [5, 2.5, 6.5],
			"to": [6, 4, 7.5],
			"rotation": {"angle": 0, "axis": "y", "origin": [5.125, 3.375, 7]},
			"faces": {
				"north": {"uv": [12, 8, 14, 11], "texture": "#0"},
				"east": {"uv": [12, 8, 14, 11], "texture": "#0"},
				"south": {"uv": [12, 8, 14, 11], "texture": "#0"},
				"west": {"uv": [12, 8, 14, 9], "texture": "#0"},
				"up": {"uv": [12, 8, 14, 9], "rotation": 180, "texture": "#0"},
				"down": {"uv": [12, 8, 14, 9], "rotation": 180, "texture": "#0"}
			}
		},
		{
			"from": [7.5, 3, 7],
			"to": [8.5, 5, 7.5],
			"rotation": {"angle": -22.5, "axis": "x", "origin": [8, 5, 7.5]},
			"faces": {
				"north": {"uv": [7, 6, 9, 9], "texture": "#0"},
				"east": {"uv": [7, 6, 8, 9], "texture": "#0"},
				"south": {"uv": [7, 6, 9, 9], "texture": "#0"},
				"west": {"uv": [7, 6, 8, 9], "texture": "#0"},
				"up": {"uv": [7, 6, 9, 9], "texture": "#0"},
				"down": {"uv": [7, 6, 9, 9], "texture": "#0"}
			}
		},
		{
			"from": [7.5, 2.98045, 6.15171],
			"to": [8.5, 4.98045, 6.65171],
			"rotation": {"angle": 22.5, "axis": "x", "origin": [8, 3.98045, 6.40171]},
			"faces": {
				"north": {"uv": [7, 6, 9, 9], "rotation": 180, "texture": "#0"},
				"east": {"uv": [7, 6, 8, 9], "rotation": 180, "texture": "#0"},
				"south": {"uv": [7, 6, 9, 9], "rotation": 180, "texture": "#0"},
				"west": {"uv": [7, 6, 8, 9], "rotation": 180, "texture": "#0"},
				"up": {"uv": [7, 6, 9, 9], "texture": "#0"},
				"down": {"uv": [7, 6, 9, 9], "texture": "#0"}
			}
		},
		{
			"from": [6.5, 4, 6.25],
			"to": [7.5, 5.25, 7.75],
			"rotation": {"angle": 0, "axis": "y", "origin": [7.1, 3, 6]},
			"faces": {
				"north": {"uv": [5, 5, 7, 7], "texture": "#0"},
				"east": {"uv": [9, 5, 11, 7], "texture": "#0"},
				"south": {"uv": [5, 5, 7, 7], "texture": "#0"},
				"west": {"uv": [9, 5, 11, 7], "texture": "#0"},
				"up": {"uv": [9, 5, 11, 7], "texture": "#0"},
				"down": {"uv": [9, 5, 11, 7], "texture": "#0"}
			}
		},
		{
			"from": [8.5, 4, 6.25],
			"to": [9.5, 5.25, 7.75],
			"rotation": {"angle": 0, "axis": "y", "origin": [9.1, 3, 6]},
			"faces": {
				"north": {"uv": [5, 5, 7, 7], "texture": "#0"},
				"east": {"uv": [9, 5, 11, 7], "texture": "#0"},
				"south": {"uv": [5, 5, 7, 7], "texture": "#0"},
				"west": {"uv": [9, 5, 11, 7], "texture": "#0"},
				"up": {"uv": [9, 5, 11, 7], "texture": "#0"},
				"down": {"uv": [9, 5, 11, 7], "texture": "#0"}
			}
		}
	],
	"display": {
		"thirdperson_righthand": {
			"translation": [0, 6.5, 2.5]
		},
		"thirdperson_lefthand": {
			"translation": [0, 6.5, 2.5]
		},
		"firstperson_righthand": {
			"translation": [0, 8.25, 2.5]
		},
		"firstperson_lefthand": {
			"translation": [0, 8.5, 2.5]
		},
		"ground": {
			"translation": [0, 4, 1.5]
		},
		"gui": {
			"translation": [0, 6.5, 2],
			"scale": [1.5, 1.5, 1.5]
		},
		"head": {
			"translation": [0, 11, -5.25]
		},
		"fixed": {
			"translation": [0, 6.5, 2],
			"scale": [1.5, 1.5, 1.5]
		}
	}
}